file,line,token
ccCmnScreenManager.h,12,0x140000C00
ccCmnScreenManager.h,16,0x140000C00
ccSceneManager.h,11,0x140000C00
ccSceneManager.h,15,0x140000C00
Common.cpp,337,sub_140868D60
Common.cpp,362,sub_1401CA8F8
Common.cpp,365,sub_1401CA8F8
Common.cpp,443,sub_14093C7D0
Common.cpp,907,sub_140643E70
Common.cpp,928,sub_14063F338
Common.cpp,967,sub_1400FEC40
Common.cpp,969,sub_1400FECE0
Common.cpp,1120,sub_14071EF30
Common.cpp,1123,sub_14071EE00
Common.cpp,1125,sub_14051E8F0
Common.cpp,1128,sub_1408575E0
Common.cpp,1143,sub_1400B0F40
Common.cpp,1146,sub_14071F020
Common.cpp,1158,sub_14051E8F0
Common.cpp,1174,sub_1408575E0
Common.cpp,1266,sub_14071EF30
Common.cpp,1296,sub_14071EF30
Common.cpp,1336,sub_14073AAF0
Common.cpp,1337,sub_14073AAF0
Common.cpp,1349,sub_14071F020
Common.cpp,1359,sub_140747120
Common.cpp,1374,sub_14071EE40
Common.cpp,1382,sub_140744E10
Common.cpp,1384,sub_14071EE40
Common.cpp,1395,sub_14071EE40
Common.cpp,1407,sub_14071EE40
Common.cpp,1430,sub_140744E10
Common.cpp,1435,sub_140739220
Common.cpp,1469,sub_140744AF0
Common.cpp,1670,sub_14071F110
Common.cpp,1672,sub_14071F110
Common.cpp,1682,sub_140607B5C
Common.cpp,1684,sub_140607B5C
Common.cpp,1698,sub_14071F390
Common.cpp,1729,sub_14071F390
Common.cpp,1749,sub_14071F390
Common.cpp,1755,sub_1400FEC40
Common.cpp,1763,sub_1400FECE0
Common.cpp,1784,sub_14071F390
Common.cpp,1798,sub_1400FEC40
Common.cpp,1815,sub_14071F390
Common.cpp,1817,sub_1400FECE0
Common.cpp,1821,sub_1400FEC40
Common.cpp,1835,sub_14071F390
Common.cpp,1837,sub_1400FECE0
Common.cpp,1922,sub_1409FF490
Common.cpp,1933,sub_140645960
Common.cpp,1934,sub_140645960
Common.cpp,1946,sub_140645960
Common.cpp,1947,sub_140645960
Common.cpp,1956,sub_14083B360
Common.cpp,1959,sub_140A01E20
Common.cpp,1960,sub_140A01E20
Common.cpp,2012,sub_1407A8A58
Common.cpp,2019,sub_14052A414
Common.cpp,2026,sub_140529BEC
Common.cpp,2028,sub_14052A414
Common.cpp,2032,sub_140529BEC
Common.cpp,2061,sub_1407BF574
Common.cpp,2063,sub_1407A87BC
Common.cpp,2067,sub_1407A8A58
Common.cpp,2075,sub_1407BF574
Common.cpp,2079,sub_1407A87BC
Common.cpp,2081,sub_1407A8A58
Common.h,62,sub_14066DBD0
Common.h,63,sub_1405674F0
Common.h,92,sub_140643E70
Common.h,97,sub_140744AF0
Common.h,101,sub_14093C7D0
Common.h,105,sub_140739220
Common.h,125,sub_14071EF30
Common.h,145,sub_14071EE00
Common.h,150,sub_140747120
Common.h,156,sub_14063F338
Common.h,193,sub_1409FF490
Common.h,198,sub_14083B360
Common.h,200,sub_1400FEC40
Common.h,201,sub_1400FECE0
Common.h,216,sub_14066DBD0
Common.h,218,sub_140868D60
Common.h,242,0x140000000
Common.h,248,0x140000000
Common.h,253,0x140000000
Common.h,260,0x140000000
Common.h,267,0x140000000
CpkLoader.cpp,62,sub_140A47CF0
CpkLoader.cpp,63,sub_140A47CF0
CpkLoader.cpp,70,sub_140A01D60
CpkLoader.cpp,71,sub_140A01D60
CpkLoader.cpp,80,sub_140A01AA0
CpkLoader.cpp,81,sub_140A01AA0
CpkLoader.cpp,82,sub_140A01AA0
CpkLoader.cpp,102,sub_14056C3D4
CpkLoader.cpp,103,sub_14056C3D4
CpkLoader.cpp,132,sub_14056C34C
CpkLoader.cpp,133,sub_14056C34C
CpkLoader.cpp,160,sub_140A32AB0
CpkLoader.cpp,161,sub_140A32AB0
CpkLoader.cpp,206,sub_14056C34C
CpkLoader.cpp,207,sub_14056C34C
CpkLoader.cpp,218,sub_14056C34C
CpkLoader.cpp,219,sub_14056C34C
CpkLoader.cpp,226,sub_14056C3D4
CpkLoader.cpp,227,sub_14056C3D4
CpkLoader.cpp,238,sub_14056BE84
CpkLoader.cpp,239,sub_14056BE84
GuardEffectParam.cpp,140,sub_1409D4DE0
GuardEffectParam.cpp,141,sub_1409D4DE0
GuardEffectParam.cpp,143,sub_14050C520
GuardEffectParam.cpp,144,sub_14050C520
GuardEffectParam.cpp,312,sub_1409D4DE0
GuardEffectParam.cpp,313,sub_1409D4DE0
GuardEffectParam.cpp,315,sub_14050C520
GuardEffectParam.cpp,316,sub_14050C520
GuardEffectParam.cpp,484,sub_1405F7E10
GuardEffectParam.cpp,499,sub_1400B6920
GuardEffectParam.cpp,503,sub_1400B3830
GuardEffectParam.cpp,507,sub_1409BAF60
GuardEffectParam.cpp,511,sub_1409D6FC0
GuardEffectParam.cpp,519,sub_1409DCC60
GuardEffectParam.cpp,523,sub_1409DCDB0
GuardEffectParam.cpp,527,sub_1409D4DE0
GuardEffectParam.cpp,531,sub_14050C520
GuardEffectParam.cpp,551,sub_140B533A0
GuardEffectParam.cpp,575,sub_1405F7E10
GuardEffectParam.cpp,713,sub_1400B6920
GuardEffectParam.cpp,714,sub_1400B3830
GuardEffectParam.cpp,767,sub_1409D6FC0
GuardEffectParam.cpp,771,sub_1409DCC60
GuardEffectParam.cpp,774,sub_1409BAF60
GuardEffectParam.cpp,775,sub_1409BAF60
GuardEffectParam.cpp,776,sub_1409BAF60
GuardEffectParam.cpp,777,sub_1409BAF60
GuardEffectParam.cpp,778,sub_1409BAF60
GuardEffectParam.cpp,779,sub_1409BAF60
GuardEffectParam.cpp,780,sub_1409BAF60
GuardEffectParam.cpp,781,sub_1409BAF60
GuardEffectParam.cpp,782,sub_1409BAF60
GuardEffectParam.cpp,783,sub_1409BAF60
GuardEffectParam.cpp,790,sub_1409BAF60
GuardEffectParam.cpp,794,sub_1409DCDB0
GuardEffectParam.cpp,800,sub_1409D4DE0
GuardEffectParam.cpp,815,sub_14050C520
GuardEffectParam.cpp,854,sub_140991940
GuardEffectParam.cpp,858,sub_1408394E0
GuardEffectParam.cpp,862,sub_1409D6FC0
GuardEffectParam.cpp,866,sub_1409D6220
GuardEffectParam.cpp,870,sub_14098F8E0
GuardEffectParam.cpp,874,sub_14098FD20
GuardEffectParam.cpp,878,sub_1409BCC50
GuardEffectParam.cpp,882,sub_140A33210
GuardEffectParam.cpp,886,sub_1409EF570
GuardEffectParam.cpp,890,sub_1409D6C40
GuardEffectParam.cpp,894,sub_140A3C2D0
GuardEffectParam.cpp,898,sub_1409BD3B0
GuardEffectParam.cpp,902,sub_1409A34B0
GuardEffectParam.cpp,906,sub_1405F42F0
GuardEffectParam.cpp,910,sub_1405E9580
GuardEffectParam.cpp,914,sub_14098F510
GuardEffectParam.cpp,918,sub_14098F8A0
GuardEffectParam.cpp,922,sub_140AC4880
GuardEffectParam.cpp,926,sub_140AC49D0
GuardEffectParam.cpp,930,sub_140A31210
GuardEffectParam.cpp,934,sub_1409BB050
GuardEffectParam.cpp,938,sub_1409CF930
GuardEffectParam.cpp,942,sub_1409DCEE0
GuardEffectParam.cpp,946,sub_140B533A0
GuardEffectParam.cpp,950,sub_140B53940
GuardEffectParam.cpp,976,sub_140991940
GuardEffectParam.cpp,985,sub_1408394E0
GuardEffectParam.cpp,1005,sub_1409D6FC0
GuardEffectParam.cpp,1068,sub_140AC4880
GuardEffectParam.cpp,1083,sub_14098F8E0
GuardEffectParam.cpp,1083,sub_14098FD20
GuardEffectParam.cpp,1084,sub_140991940
GuardEffectParam.cpp,1087,sub_1409BCC50
GuardEffectParam.cpp,1091,sub_140A33210
GuardEffectParam.cpp,1093,sub_1409EF570
GuardEffectParam.cpp,1094,sub_1409D6C40
GuardEffectParam.cpp,1143,sub_140AC49D0
GuardEffectParam.cpp,1144,sub_140A31210
GuardEffectParam.cpp,1146,sub_1409BB050
GuardEffectParam.cpp,1161,sub_1409CF930
GuardEffectParam.cpp,1207,sub_1409DCEE0
GuardEffectParam.cpp,1210,sub_1409BD3B0
GuardEffectParam.cpp,1218,sub_1409DCEE0
GuardEffectParam.cpp,1226,sub_1409EF570
GuardEffectParam.cpp,1226,sub_1409EF8E0
GuardEffectParam.cpp,1231,sub_14098F8E0
GuardEffectParam.cpp,1235,sub_14098F8E0
GuardEffectParam.cpp,1236,sub_14098FD20
GuardEffectParam.cpp,1238,sub_14098F510
GuardEffectParam.cpp,1242,sub_140991940
GuardEffectParam.cpp,1243,sub_1409DCEE0
GuardEffectParam.cpp,1252,sub_1409DCEE0
GuardEffectParam.cpp,1262,sub_14098F8E0
GuardEffectParam.cpp,1266,sub_14098F8E0
GuardEffectParam.cpp,1267,sub_14098FD20
GuardEffectParam.cpp,1269,sub_14098F510
GuardEffectParam.cpp,1273,sub_140991940
GuardEffectParam.cpp,1274,sub_1409DCEE0
GuardEffectParam.cpp,1286,sub_14098F8E0
GuardEffectParam.cpp,1290,sub_14098F8E0
GuardEffectParam.cpp,1291,sub_14098FD20
GuardEffectParam.cpp,1293,sub_14098F510
GuardEffectParam.cpp,1297,sub_140991940
GuardEffectParam.cpp,1298,sub_1409DCEE0
GuardEffectParam.cpp,1304,sub_1409DCEE0
GuardEffectParam.cpp,1308,sub_14098FD20
GuardEffectParam.cpp,1316,sub_1409DCEE0
GuardEffectParam.cpp,1332,sub_14098F8A0
GuardEffectParam.cpp,1344,sub_14098F8E0
GuardEffectParam.cpp,1347,sub_14098F510
GuardEffectParam.cpp,1348,sub_140991940
GuardEffectParam.cpp,1350,sub_140991940
GuardEffectParam.cpp,1363,sub_14098F8A0
GuardEffectParam.cpp,1368,sub_140A3C2D0
GuardEffectParam.cpp,1371,sub_1409BD3B0
GuardEffectParam.cpp,1372,sub_1409A34B0
GuardEffectParam.cpp,1373,sub_1405F42F0
GuardEffectParam.cpp,1374,sub_1405E9580
GuardEffectParam.cpp,1378,sub_14098F510
GuardEffectParam.cpp,1381,sub_14098F510
GuardEffectParam.cpp,1385,sub_140991940
GuardEffectParam.cpp,1389,sub_14098F510
GuardEffectParam.cpp,1390,sub_140991940
GuardEffectParam.cpp,1398,sub_140B533A0
GuardEffectParam.cpp,1401,sub_140B53940
GuardEffectParam.cpp,1403,sub_140B53940
GuardEffectParam.cpp,1421,sub_1409DCEB0
GuardEffectParam.cpp,1423,0x1409DCEB0
GuardEffectParam.cpp,1425,sub_1409DCEB0
GuardEffectParam.cpp,1450,sub_1409DCEB0
GuardEffectParam.cpp,1461,sub_1409DCEB0
GuardEffectParam.cpp,1497,sub_14055D040
GuardEffectParam.cpp,1500,sub_140A0D810
GuardEffectParam.cpp,1503,sub_1405583A8
GuardEffectParam.cpp,1506,sub_140A0D850
GuardEffectParam.cpp,1509,sub_1407B03B4
GuardEffectParam.cpp,1512,sub_140A017F0
GuardEffectParam.cpp,1515,sub_1407B5664
GuardEffectParam.cpp,1518,sub_14079B88C
GuardEffectParam.cpp,1521,sub_1407B5714
GuardEffectParam.cpp,1524,sub_14047ED14
GuardEffectParam.cpp,1527,sub_1407B05BC
GuardEffectParam.cpp,1549,sub_14055D040
GuardEffectParam.cpp,1563,sub_140A0D810
GuardEffectParam.cpp,1564,sub_1405583A8
GuardEffectParam.cpp,1589,sub_140A0D850
GuardEffectParam.cpp,1595,sub_140A0D850
GuardEffectParam.cpp,1600,sub_1407B03B4
GuardEffectParam.cpp,1601,sub_140A017F0
GuardEffectParam.cpp,1607,sub_1407B5664
GuardEffectParam.cpp,1612,sub_14079B88C
GuardEffectParam.cpp,1615,sub_1407B5714
GuardEffectParam.cpp,1617,sub_140A0D850
GuardEffectParam.cpp,1622,sub_1407B05BC
GuardEffectParam.cpp,1640,sub_14047ED14
GuardEffectParam.cpp,1659,sub_1407AEBF8
GuardEffectParam.cpp,1676,sub_14077E64C
GuardEffectParam.cpp,1679,sub_1406B5D14
GuardEffectParam.cpp,1682,sub_1407B03B4
GuardEffectParam.cpp,1685,sub_14077DB38
GuardEffectParam.cpp,1688,sub_14077DD4C
GuardEffectParam.cpp,1691,sub_14079C53C
GuardEffectParam.cpp,1694,sub_1407ED2B4
GuardEffectParam.cpp,1697,sub_1407C0B7C
GuardEffectParam.cpp,1700,sub_1407B0190
GuardEffectParam.cpp,1703,sub_14085B488
GuardEffectParam.cpp,1706,sub_14085B588
GuardEffectParam.cpp,1709,sub_1407EBEC8
GuardEffectParam.cpp,1712,sub_14079B950
GuardEffectParam.cpp,1715,sub_1407ABFB4
GuardEffectParam.cpp,1718,sub_1407B581C
GuardEffectParam.cpp,1721,sub_14077DA68
GuardEffectParam.cpp,1724,sub_14077DAF8
GuardEffectParam.cpp,1727,sub_1407F3FFC
GuardEffectParam.cpp,1730,sub_14078B070
GuardEffectParam.cpp,1733,sub_14055A48C
GuardEffectParam.cpp,1736,sub_140554764
GuardEffectParam.cpp,1742,sub_1407C0DD8
GuardEffectParam.cpp,1785,sub_14077E64C
GuardEffectParam.cpp,1795,sub_1406B5D14
GuardEffectParam.cpp,1811,sub_1407B03B4
GuardEffectParam.cpp,1864,sub_14085B488
GuardEffectParam.cpp,1879,sub_14077DB38
GuardEffectParam.cpp,1879,sub_14077DD4C
GuardEffectParam.cpp,1880,sub_14077E64C
GuardEffectParam.cpp,1882,sub_14079C53C
GuardEffectParam.cpp,1886,sub_1407ED2B4
GuardEffectParam.cpp,1888,sub_1407C0B7C
GuardEffectParam.cpp,1889,sub_1407B0190
GuardEffectParam.cpp,1904,sub_1407B581C
GuardEffectParam.cpp,1908,sub_1407B581C
GuardEffectParam.cpp,1919,sub_14085B588
GuardEffectParam.cpp,1920,sub_1407EBEC8
GuardEffectParam.cpp,1923,sub_14079B950
GuardEffectParam.cpp,1927,sub_1407B581C
GuardEffectParam.cpp,1992,sub_1407B581C
GuardEffectParam.cpp,1998,sub_1407ABFB4
GuardEffectParam.cpp,2009,sub_1407C0B7C
GuardEffectParam.cpp,2009,sub_1407C0DD8
GuardEffectParam.cpp,2010,sub_1407C0B7C
GuardEffectParam.cpp,2010,sub_1407C0DD8
GuardEffectParam.cpp,2019,sub_14077DB38
GuardEffectParam.cpp,2021,sub_14077DA68
GuardEffectParam.cpp,2022,sub_14077E64C
GuardEffectParam.cpp,2024,sub_14077E64C
GuardEffectParam.cpp,2026,sub_1407B581C
GuardEffectParam.cpp,2033,sub_14077DAF8
GuardEffectParam.cpp,2036,sub_1407B581C
GuardEffectParam.cpp,2044,sub_14077DAF8
GuardEffectParam.cpp,2048,sub_1407B581C
GuardEffectParam.cpp,2056,sub_14077DB38
GuardEffectParam.cpp,2058,sub_14077DB38
GuardEffectParam.cpp,2058,sub_14077DD4C
GuardEffectParam.cpp,2059,sub_1407B581C
GuardEffectParam.cpp,2060,sub_14077DA68
GuardEffectParam.cpp,2063,sub_14077E64C
GuardEffectParam.cpp,2065,sub_1407B581C
GuardEffectParam.cpp,2068,sub_1407B581C
GuardEffectParam.cpp,2076,sub_14077DB38
GuardEffectParam.cpp,2077,sub_1407B581C
GuardEffectParam.cpp,2078,sub_14077DB38
GuardEffectParam.cpp,2078,sub_14077DD4C
GuardEffectParam.cpp,2079,sub_1407B581C
GuardEffectParam.cpp,2080,sub_14077DA68
GuardEffectParam.cpp,2083,sub_14077E64C
GuardEffectParam.cpp,2084,sub_1407B581C
GuardEffectParam.cpp,2087,sub_1407B581C
GuardEffectParam.cpp,2094,sub_1407B581C
GuardEffectParam.cpp,2096,sub_14077DB38
GuardEffectParam.cpp,2099,sub_14077DD4C
GuardEffectParam.cpp,2100,sub_1407B581C
GuardEffectParam.cpp,2102,sub_1407B581C
GuardEffectParam.cpp,2104,sub_14077DB38
GuardEffectParam.cpp,2104,sub_14077DD4C
GuardEffectParam.cpp,2105,sub_1407B581C
GuardEffectParam.cpp,2106,sub_14077DA68
GuardEffectParam.cpp,2109,sub_14077E64C
GuardEffectParam.cpp,2110,sub_1407B581C
GuardEffectParam.cpp,2113,sub_1407B581C
GuardEffectParam.cpp,2120,sub_1407F3FFC
GuardEffectParam.cpp,2123,sub_14078B070
GuardEffectParam.cpp,2124,sub_14055A48C
GuardEffectParam.cpp,2125,sub_140554764
GuardEffectParam.cpp,2130,sub_14077DA68
GuardEffectParam.cpp,2132,sub_14077E64C
GuardEffectParam.cpp,2138,sub_14077E64C
GuardEffectParam.cpp,2142,sub_14077DA68
GuardEffectParam.cpp,2143,sub_14077E64C
GuardEffectParam.cpp,2149,sub_14077DA68
GuardEffectParam.cpp,2151,sub_14077E64C
GuardEffectParam.cpp,2170,sub_1409DCEB0
GuardEffectParam.cpp,2172,0x1407B57EC
GuardEffectParam.cpp,2174,sub_1407B57EC
GuardEffectParam.cpp,2199,sub_1409DCEB0
GuardEffectParam.cpp,2210,sub_1407B57EC
GudoBallParam.cpp,20,sub_1405F6930
GudoBallParam.cpp,21,sub_1405F6930
GudoBallParam.cpp,23,sub_1405F72D0
GudoBallParam.cpp,24,sub_1405F72D0
GudoBallParam.cpp,65,sub_1405F6930
GudoBallParam.cpp,66,sub_1405F6930
GudoBallParam.cpp,68,sub_1405F72D0
GudoBallParam.cpp,69,sub_1405F72D0
HookFunctions.cpp,253,sub_1409B94C0
HookFunctions.cpp,266,sub_140605050
HookFunctions.cpp,402,sub_140868D60
HookFunctions.cpp,459,sub_140643E70
HookFunctions.cpp,493,sub_14063F338
HookFunctions.cpp,554,sub_1409FF490
HookFunctions.cpp,579,sub_140590818
HookFunctions.cpp,584,sub_14093C7D0
HookFunctions.cpp,805,sub_1409B94C0
HookFunctions.cpp,923,sub_140605050
HookFunctions.cpp,1014,sub_1409F0730
HookFunctions.cpp,1052,sub_140868D60
HookFunctions.cpp,1111,sub_140643E70
HookFunctions.cpp,1128,sub_140747120
HookFunctions.cpp,1209,sub_1409FF490
HookFunctions.cpp,1215,sub_14083B360
HookFunctions.cpp,1226,sub_140661ED0
HookFunctions.cpp,1231,sub_140744AF0
HookFunctions.cpp,1238,sub_140739220
HookFunctions.cpp,1244,sub_14093C7D0
imgui.cpp,2400,0x14015C4F
LuaScripts.cpp,113,sub_1404BF150
LuaScripts.cpp,118,sub_1404BF150
LuaScripts.cpp,123,sub_14086C080
LuaScripts.cpp,124,sub_14086C080
LuaScripts.cpp,145,sub_1406D9230
LuaScripts.cpp,150,sub_1406D9230
LuaScripts.cpp,168,sub_1404BF150
LuaScripts.cpp,178,sub_14086C0A0
LuaScripts.cpp,183,sub_14086C0A0
LuaScripts.cpp,204,sub_14086C0A0
LuaScripts.cpp,209,sub_14086C0A0
LuaScripts.cpp,501,sub_140A3F4A0
LuaScripts.cpp,502,sub_140A3F4A0
LuaScripts.cpp,507,sub_1407F5B18
LuaScripts.cpp,508,sub_1407F5B18
LuaScripts.cpp,519,sub_140A3F4A0
LuaScripts.cpp,520,sub_140A3F4A0
LuaScripts.cpp,525,sub_1407F5B18
LuaScripts.cpp,526,sub_1407F5B18
LuaScripts.cpp,602,sub_140AB7020
LuaScripts.cpp,609,sub_140AB7020
LuaScripts.cpp,620,sub_14085526C
LuaScripts.cpp,627,sub_14085526C
MergedExtra_Common.h,22,0x140000C00
MergedExtra_Common.h,29,0x140000C00
MergedExtra_DirectX.cpp,201,0x140000C00
ModManager.cpp,25,sub_140607B5C
ModManager.cpp,26,sub_140607B5C
ModManager.cpp,43,sub_14071F110
ModManager.cpp,44,sub_14071F110
MovesetPlus.cpp,282,sub_140AD3AE0
MovesetPlus.cpp,284,sub_140AD3AE0
MovesetPlus.cpp,288,sub_140AD3AE0
MovesetPlus.cpp,290,sub_140AD3AE0
MovesetPlus.cpp,297,sub_140AD3AE0
MovesetPlus.cpp,299,sub_140AD3AE0
MovesetPlus.cpp,303,sub_140AD3AE0
MovesetPlus.cpp,305,sub_140AD3AE0
MovesetPlus.cpp,534,sub_1400B1B00
MovesetPlus.cpp,539,sub_1400B1B00
MovesetPlus.cpp,544,sub_1401CB71C
MovesetPlus.cpp,549,sub_1401CB71C
MovesetPlus.cpp,563,sub_1400B1B00
MovesetPlus.cpp,568,sub_1400B1B00
MovesetPlus.cpp,573,sub_1401CB71C
MovesetPlus.cpp,578,sub_1401CB71C
MovesetPlus.cpp,644,sub_1404BF150
MovesetPlus.cpp,645,sub_14086C080
MovesetPlus.cpp,649,sub_1404BF150
MovesetPlus.cpp,652,sub_14086C080
MovesetPlus.cpp,657,sub_1406D9230
MovesetPlus.cpp,659,sub_1406D9230
MovesetPlus.cpp,1185,sub_140643C10
MovesetPlus.cpp,1186,sub_140643C10
MovesetPlus.cpp,1210,sub_140AB7930
MovesetPlus.cpp,1220,sub_1405E5D10
MovesetPlus.cpp,1223,sub_1405E5CEC
MovesetPlus.cpp,1232,sub_140722544
MovesetPlus.cpp,1239,sub_140580448
MovesetPlus.cpp,1240,sub_140580448
MovesetPlus.cpp,1290,sub_14073C2E8
MovesetPlus.cpp,1291,sub_14073C2E8
MovesetPlus.cpp,1317,sub_14099A610
MovesetPlus.cpp,1318,sub_14099A610
MovesetPlus.cpp,1319,sub_14099AEF0
MovesetPlus.cpp,1320,sub_14099AEF0
MovesetPlus.cpp,1909,sub_1405674F0
MovesetPlus.cpp,1910,sub_1405674F0
MovesetPlus.cpp,1914,sub_1404E18B0
MovesetPlus.cpp,1915,sub_1404E18B0
MovesetPlus.cpp,1920,sub_140567580
MovesetPlus.cpp,1921,sub_140567580
MovesetPlus.cpp,1930,sub_140AB7020
MovesetPlus.cpp,1937,sub_140AB7020
MovesetPlus.cpp,1948,sub_14085526C
MovesetPlus.cpp,1955,sub_14085526C
MovesetPlus.cpp,1973,sub_1405AD390
MovesetPlus.cpp,1975,sub_1405AD390
ProjectileManager.cpp,94,sub_1409F0730
Scene.cpp,338,sub_1404DFAD0
Scene.cpp,340,sub_140B02B70
Scene.cpp,343,sub_1404DFAD0
Scene.cpp,344,sub_140B02B70
Scene.cpp,355,sub_1406A6EB0
SpecialInteractionManager.cpp,118,sub_140A15A00
SpecialInteractionManager.cpp,153,sub_1409BB1B0
SpecialInteractionManager.cpp,250,sub_1405F0060
SpecialInteractionManager.cpp,394,sub_1405F0060
SpecialInteractionManager.cpp,402,sub_140981F60
SpecialInteractionManager.cpp,610,sub_1405F0060
SpecialInteractionManager.h,11,sub_1405F0060
Storm4IdaRuntime.cpp,7,0x140000000
TeamUltimateJutsuManager.cpp,490,sub_140661ED0
TeamUltimateJutsuManager.cpp,498,sub_140662100
TeamUltimateJutsuManager.cpp,500,sub_140661F60
TeamUltimateJutsuManager.cpp,502,sub_140586480
TeamUltimateJutsuManager.cpp,504,sub_140662100
TeamUltimateJutsuManager.cpp,514,sub_140661F60
TeamUltimateJutsuManager.cpp,515,sub_140586480
TeamUltimateJutsuManager.cpp,523,sub_140590818
TeamUltimateJutsuManager.cpp,531,sub_140662100
TeamUltimateJutsuManager.cpp,533,sub_140661F60
TeamUltimateJutsuManager.cpp,535,sub_140586480
TeamUltimateJutsuManager.cpp,537,sub_140662100
TeamUltimateJutsuManager.cpp,547,sub_140661F60
TeamUltimateJutsuManager.cpp,548,sub_140586480
TeamUltimateJutsuManager.h,11,sub_140661ED0
TeamUltimateJutsuManager.h,16,sub_140590818
Utilities.h,115,0x140000C00
Utilities.h,120,0x140000C00
Utilities.h,130,0x140000C00
Utilities.h,135,0x140000C00
Utilities.h,142,0x140000C00
Utilities.h,146,0x140000C00
Utilities.h,150,0x140000C00
Utilities.h,157,0x140000C00
Utilities.h,161,0x140000C00
Utilities.h,165,0x140000C00
Utilities.h,174,0x140000C00
Utilities.h,178,0x140000C00
Utilities.h,185,0x140000C00
Utilities.h,189,0x140000C00
Utilities.h,196,0x140000C00
Utilities.h,201,0x140000C00
Utilities.h,206,0x140000C00
Utilities.h,211,0x140000C00
Utilities.h,216,0x140000C00
Utilities.h,235,0x140000C00
Utilities.h,240,0x140000C00
Utilities.h,247,0x140000C00
Utilities.h,252,0x140000C00
Utilities.h,260,0x140000C00
Utilities.h,265,0x140000C00
Utilities.h,331,0x140000C00
Utilities.h,335,0x140000C00
Utilities.h,646,0x140000000
AddressBook/KNOWN_ADDRESSES.txt,4,sub_14060759C
AddressBook/KNOWN_ADDRESSES.txt,5,sub_140607BA0
AddressBook/KNOWN_ADDRESSES.txt,6,sub_140607B5C
AddressBook/KNOWN_ADDRESSES.txt,7,sub_140607B7C
AddressBook/KNOWN_ADDRESSES.txt,8,sub_1406078CC
AddressBook/KNOWN_ADDRESSES.txt,9,sub_1401FD0AC
AddressBook/KNOWN_ADDRESSES.txt,12,sub_140676250
AddressBook/KNOWN_ADDRESSES.txt,13,sub_1406760F4
AddressBook/KNOWN_ADDRESSES.txt,14,sub_140676164
AddressBook/KNOWN_ADDRESSES.txt,15,sub_1406761E0
AddressBook/KNOWN_ADDRESSES.txt,18,sub_1406734A8
AddressBook/KNOWN_ADDRESSES.txt,19,sub_140673438
AddressBook/KNOWN_ADDRESSES.txt,20,sub_140673374
AddressBook/KNOWN_ADDRESSES.txt,23,sub_1405B10CC
AddressBook/KNOWN_ADDRESSES.txt,24,sub_1406B36CC
AddressBook/KNOWN_ADDRESSES.txt,25,sub_1406B3904
AddressBook/KNOWN_ADDRESSES.txt,26,sub_1406B37D4
AddressBook/KNOWN_ADDRESSES.txt,27,sub_1406B39BC
AddressBook/KNOWN_ADDRESSES.txt,28,sub_140AE6B60
AddressBook/KNOWN_ADDRESSES.txt,29,sub_140AE69D0
AddressBook/KNOWN_ADDRESSES.txt,30,sub_140AE6A90
AddressBook/KNOWN_ADDRESSES.txt,31,sub_140AE6670
AddressBook/KNOWN_ADDRESSES.txt,32,sub_140AE6720
AddressBook/KNOWN_ADDRESSES.txt,33,sub_140AE6010
AddressBook/KNOWN_ADDRESSES.txt,36,sub_14043FB28
AddressBook/KNOWN_ADDRESSES.txt,37,sub_14043F208
AddressBook/KNOWN_ADDRESSES.txt,38,sub_1404B6284
AddressBook/KNOWN_ADDRESSES.txt,39,sub_1404B6B58
AddressBook/KNOWN_ADDRESSES.txt,40,sub_1404B6BC8
AddressBook/KNOWN_ADDRESSES.txt,41,sub_1404B6B90
AddressBook/KNOWN_ADDRESSES.txt,44,sub_1403B0074
AddressBook/KNOWN_ADDRESSES.txt,45,sub_140A0FDB0
AddressBook/KNOWN_ADDRESSES.txt,48,sub_14033BF30
AddressBook/KNOWN_ADDRESSES.txt,49,sub_14033C7E4
AddressBook/KNOWN_ADDRESSES.txt,52,sub_1406E4BC0
AddressBook/KNOWN_ADDRESSES.txt,53,sub_140AB4550
BossBattle/BOSS_BATTLE_RESEARCH.txt,3,sub_1406E4BC0
BossBattle/BOSS_BATTLE_RESEARCH.txt,6,sub_1402140F4
BossBattle/BOSS_BATTLE_RESEARCH.txt,7,sub_140AB4550
BossBattle/BOSS_BATTLE_RESEARCH.txt,9,sub_140AB4550
BossBattle/BOSS_BATTLE_RESEARCH.txt,10,sub_1401CB71C
BossBattle/BOSS_BATTLE_RESEARCH.txt,37,sub_1402140F4
BossBattle/BOSS_BATTLE_RESEARCH.txt,38,sub_1401CB71C
Character_Costume/CHARACTER_COSTUME_RESEARCH.txt,3,sub_1404B520C
Character_Costume/CHARACTER_COSTUME_RESEARCH.txt,6,sub_1404B612C
Character_Costume/CHARACTER_COSTUME_RESEARCH.txt,9,sub_1401C9CFC
Character_Costume/CHARACTER_COSTUME_RESEARCH.txt,12,sub_1401CA4D0
Character_Costume/CHARACTER_COSTUME_RESEARCH.txt,15,sub_14051956C
Character_Costume/CHARACTER_COSTUME_RESEARCH.txt,18,sub_14051EDC0
Character_Costume/CHARACTER_COSTUME_RESEARCH.txt,21,sub_14050AA98
Character_Costume/CHARACTER_COSTUME_RESEARCH.txt,23,sub_14051EA54
Character_Costume/CHARACTER_COSTUME_RESEARCH.txt,23,sub_14051EDC0
Character_Costume/CHARACTER_COSTUME_RESEARCH.txt,23,sub_14050C37C
Character_Costume/CHARACTER_COSTUME_RESEARCH.txt,23,sub_14050A3F8
Character_Costume/CHARACTER_COSTUME_RESEARCH.txt,25,sub_14050C37C
Character_Costume/CHARACTER_COSTUME_RESEARCH.txt,28,sub_14050A3F8
Combat/COMBAT_RESEARCH.txt,3,sub_1402D3BE4
Combat/COMBAT_RESEARCH.txt,6,sub_1402D4330
Combat/COMBAT_RESEARCH.txt,7,sub_1402D4478
Combat/COMBAT_RESEARCH.txt,9,sub_1402D48B8
Combat/COMBAT_RESEARCH.txt,12,sub_140304DE0
Combat/COMBAT_RESEARCH.txt,13,sub_140304FD4
Combat/COMBAT_RESEARCH.txt,15,sub_14033BF30
Combat/COMBAT_RESEARCH.txt,18,sub_14033C7E4
Combat/COMBAT_RESEARCH.txt,21,sub_140524D50
Combat/COMBAT_RESEARCH.txt,25,sub_1402D4478
Combat/COMBAT_RESEARCH.txt,26,sub_140304FD4
IdaOffsets/Storm4IdaOffsetUsageGuide.h,15,0x140000000
IdaOffsets/Storm4IdaOffsetUsageGuide.h,16,0x140000000
IdaOffsets/Storm4IdaStringOffsets_Actionable.h,5,0x140000000
LAN_Radmin_Research/LAN_EVENT_IDS.txt,3,sub_1405B7204
LAN_Radmin_Research/LAN_EVENT_IDS.txt,4,sub_1405B3C28
LAN_Radmin_Research/LAN_EVENT_IDS.txt,4,sub_1405B3E40
LAN_Radmin_Research/LAN_EVENT_IDS.txt,5,sub_1406B28DC
LAN_Radmin_Research/LAN_EVENT_IDS.txt,6,sub_1405B6DE4
LAN_Radmin_Research/LAN_EVENT_IDS.txt,7,sub_1405B6DE4
LAN_Radmin_Research/LAN_EVENT_IDS.txt,8,sub_1405B6DE4
LAN_Radmin_Research/LAN_EVENT_IDS.txt,9,sub_1405B6DE4
LAN_Radmin_Research/LAN_EVENT_IDS.txt,10,sub_1405B6DE4
LAN_Radmin_Research/LAN_EVENT_IDS.txt,11,sub_1405B6DE4
LAN_Radmin_Research/LAN_EVENT_IDS.txt,24,sub_1406B39BC
LAN_Radmin_Research/LAN_RESEARCH_SUMMARY.txt,6,sub_1406B39BC
LAN_Radmin_Research/LAN_RESEARCH_SUMMARY.txt,9,sub_1405B10CC
LAN_Radmin_Research/LAN_RESEARCH_SUMMARY.txt,10,sub_1406B36CC
LAN_Radmin_Research/LAN_RESEARCH_SUMMARY.txt,11,sub_1406B3904
LAN_Radmin_Research/LAN_RESEARCH_SUMMARY.txt,12,sub_1406B37D4
LAN_Radmin_Research/LAN_RESEARCH_SUMMARY.txt,13,sub_140AE6B60
LAN_Radmin_Research/LAN_RESEARCH_SUMMARY.txt,14,sub_140AE69D0
LAN_Radmin_Research/LAN_RESEARCH_SUMMARY.txt,15,sub_140AE6A90
LAN_Radmin_Research/LAN_RESEARCH_SUMMARY.txt,16,sub_140AE6670
LAN_Radmin_Research/LAN_RESEARCH_SUMMARY.txt,17,sub_140AE6720
LAN_Radmin_Research/LAN_RESEARCH_SUMMARY.txt,18,sub_140AE6010
LAN_Radmin_Research/LAN_RESEARCH_SUMMARY.txt,19,sub_1406B2818
LAN_Radmin_Research/LAN_RESEARCH_SUMMARY.txt,20,sub_1406B2834
LAN_Radmin_Research/LAN_RESEARCH_SUMMARY.txt,21,sub_1406B2850
LAN_Radmin_Research/LAN_RESEARCH_SUMMARY.txt,22,sub_1406B2AD0
LAN_Radmin_Research/LAN_RESEARCH_SUMMARY.txt,22,sub_1409A3E40
LAN_Radmin_Research/LAN_RESEARCH_SUMMARY.txt,23,sub_1406B2A78
LAN_Radmin_Research/LAN_RESEARCH_SUMMARY.txt,24,sub_1406B3B00
Next_IDA_Targets/NEXT_SUBS_TO_DUMP.txt,4,sub_1406B39BC
Next_IDA_Targets/NEXT_SUBS_TO_DUMP.txt,7,sub_140AE6300
Next_IDA_Targets/NEXT_SUBS_TO_DUMP.txt,8,sub_140AE6380
Next_IDA_Targets/NEXT_SUBS_TO_DUMP.txt,9,sub_140AE62F0
Next_IDA_Targets/NEXT_SUBS_TO_DUMP.txt,10,sub_140AE63F0
Next_IDA_Targets/NEXT_SUBS_TO_DUMP.txt,11,sub_140AE7A10
Next_IDA_Targets/NEXT_SUBS_TO_DUMP.txt,12,sub_140AE7AD0
Next_IDA_Targets/NEXT_SUBS_TO_DUMP.txt,13,sub_140AE7AA0
Next_IDA_Targets/NEXT_SUBS_TO_DUMP.txt,14,sub_140AE7A40
Next_IDA_Targets/NEXT_SUBS_TO_DUMP.txt,15,sub_140AE7B60
Next_IDA_Targets/NEXT_SUBS_TO_DUMP.txt,16,sub_140AE8160
Next_IDA_Targets/NEXT_SUBS_TO_DUMP.txt,28,sub_1405C43F8
Next_IDA_Targets/NEXT_SUBS_TO_DUMP.txt,29,sub_1405CBB10
Next_IDA_Targets/NEXT_SUBS_TO_DUMP.txt,30,sub_1406B33B4
Next_IDA_Targets/NEXT_SUBS_TO_DUMP.txt,31,sub_1406B45A8
Next_IDA_Targets/NEXT_SUBS_TO_DUMP.txt,32,sub_140673438
Next_IDA_Targets/NEXT_SUBS_TO_DUMP.txt,35,sub_14052990C
Next_IDA_Targets/NEXT_SUBS_TO_DUMP.txt,36,sub_14043FA2C
Next_IDA_Targets/NEXT_SUBS_TO_DUMP.txt,37,sub_1404B6344
Next_IDA_Targets/NEXT_SUBS_TO_DUMP.txt,38,sub_1404B6234
Next_IDA_Targets/NEXT_SUBS_TO_DUMP.txt,41,sub_1402140F4
Next_IDA_Targets/NEXT_SUBS_TO_DUMP.txt,42,sub_1401CB71C
OnlineMenu/IntegrationExample.cpp,17,0x140607BA0
OnlineMenu/IntegrationExample.cpp,18,0x140607B5C
OnlineMenu/IntegrationExample.cpp,19,0x140607B7C
OnlineMenu/IntegrationExample.cpp,20,0x140607CBC
OnlineMenu/IntegrationExample.cpp,21,0x14060759C
OnlineMenu/IntegrationExample.cpp,24,sub_140675FB4
OnlineMenu/LOBBY_UI_SUMMARY.txt,19,sub_1406734A8
OnlineMenu/LOBBY_UI_SUMMARY.txt,20,sub_1406732AC
OnlineMenu/LOBBY_UI_SUMMARY.txt,21,sub_140673374
OnlineMenu/LOBBY_UI_SUMMARY.txt,22,sub_140673438
OnlineMenu/LOBBY_UI_SUMMARY.txt,25,sub_1406A5E7C
OnlineMenu/LOBBY_UI_SUMMARY.txt,26,sub_1406A5F18
OnlineMenu/LOBBY_UI_SUMMARY.txt,27,sub_1406A6060
OnlineMenu/LOBBY_UI_SUMMARY.txt,28,sub_1406A6068
OnlineMenu/LOBBY_UI_SUMMARY.txt,29,sub_1406A60D4
OnlineMenu/OnlineMenuHubStub.cpp,17,sub_1406DF984
OnlineMenu/OnlineMenuHubStub.cpp,286,sub_1406DF984
OnlineMenu/OnlineMenuNotes.h,10,sub_1405C0890
OnlineMenu/OnlineMenuNotes.h,11,sub_140676250
OnlineMenu/OnlineMenuNotes.h,12,sub_140607BA0
OnlineMenu/OnlineMenuNotes.h,12,sub_140607B5C
OnlineMenu/OnlineMenuNotes.h,13,sub_1406A5F38
OnlineMenu/OnlineMenuNotes.h,14,sub_140671D48
OnlineMenu/OnlineMenuResearch.cpp,11,sub_140676250
OnlineMenu/OnlineMenuResearch.cpp,13,sub_140676A68
OnlineMenu/OnlineMenuResearch.cpp,15,sub_140676A18
OnlineMenu/OnlineMenuResearch.cpp,17,sub_140676250
OnlineMenu/OnlineMenuResearch.cpp,19,sub_140676250
OnlineMenu/OnlineMenuResearch.cpp,21,sub_140676250
OnlineMenu/OnlineMenuResearch.cpp,23,sub_1406A5F18
OnlineMenu/OnlineMenuResearch.cpp,23,sub_1406A5F38
OnlineMenu/OnlineMenuResearch.cpp,25,sub_1406A60D4
OnlineMenu/OnlineMenuResearch.cpp,27,sub_1406A60D4
OnlineMenu/OnlineMenuResearch.cpp,29,sub_140671D28
OnlineMenu/OnlineMenuResearch.cpp,29,sub_140671D48
OnlineMenu/OnlineMenuResearch.cpp,31,sub_140672320
OnlineMenu/OnlineMenuResearch.cpp,33,sub_140672384
OnlineMenu/OnlineMenuResearch.cpp,35,sub_140671DC0
OnlineMenu/ONLINE_MENU_SUMMARY.txt,4,sub_14060759C
OnlineMenu/ONLINE_MENU_SUMMARY.txt,5,sub_140607BA0
OnlineMenu/ONLINE_MENU_SUMMARY.txt,6,sub_140607B5C
OnlineMenu/ONLINE_MENU_SUMMARY.txt,7,sub_140607B7C
OnlineMenu/ONLINE_MENU_SUMMARY.txt,8,sub_1406078CC
OnlineMenu/ONLINE_MENU_SUMMARY.txt,9,sub_140607A04
OnlineMenu/ONLINE_MENU_SUMMARY.txt,10,sub_1401FD0AC
OnlineMenu/ONLINE_MENU_SUMMARY.txt,34,sub_140676250
OnlineMenu/ONLINE_MENU_SUMMARY.txt,35,sub_140676054
OnlineMenu/ONLINE_MENU_SUMMARY.txt,36,sub_1406760F4
OnlineMenu/ONLINE_MENU_SUMMARY.txt,37,sub_140676164
OnlineMenu/ONLINE_MENU_SUMMARY.txt,38,sub_1406761E0
OnlineMenu/ONLINE_MENU_SUMMARY.txt,39,sub_140676904
OnlineMenu/ONLINE_MENU_SUMMARY.txt,40,sub_14067699C
OnlineMenu/ONLINE_MENU_SUMMARY.txt,41,sub_140676A34
OnlineMenu/ONLINE_MENU_SUMMARY.txt,42,sub_140676A9C
Scenario_GPSetting/GPSETTING_SCENARIO_PARSER.txt,6,sub_14043FB28
Scenario_GPSetting/GPSETTING_SCENARIO_PARSER.txt,7,sub_14043F208
Scenario_GPSetting/GPSETTING_SCENARIO_PARSER.txt,9,sub_14043F208
Scenario_GPSetting/GPSETTING_SCENARIO_PARSER.txt,13,sub_1404B6284
Scenario_GPSetting/GPSETTING_SCENARIO_PARSER.txt,14,sub_1404B622C
Scenario_GPSetting/GPSETTING_SCENARIO_PARSER.txt,15,sub_1404B6B58
Scenario_GPSetting/GPSETTING_SCENARIO_PARSER.txt,16,sub_1404B6BC8
Scenario_GPSetting/GPSETTING_SCENARIO_PARSER.txt,17,sub_1404B6B90
Scenario_GPSetting/GPSETTING_SCENARIO_PARSER.txt,44,sub_14052990C
Stage/STAGE_RESEARCH.txt,3,sub_1403B0074
Stage/STAGE_RESEARCH.txt,13,sub_140A0FDB0
Stage/STAGE_RESEARCH.txt,16,sub_140A139F0
Stage/STAGE_RESEARCH.txt,19,sub_140A10150
Research/Character/CharacterResearch.h,4,sub_1401C9CFC
Research/Combat/CombatResearch.h,5,sub_14033BF30
Research/Core/ResearchDatabase.cpp,31,sub_14060759C
Research/Core/ResearchDatabase.cpp,31,0x14060759C
Research/Core/ResearchDatabase.cpp,32,sub_140607BA0
Research/Core/ResearchDatabase.cpp,32,0x140607BA0
Research/Core/ResearchDatabase.cpp,33,sub_140607B5C
Research/Core/ResearchDatabase.cpp,33,0x140607B5C
Research/Core/ResearchDatabase.cpp,33,sub_140607BA0
Research/Core/ResearchDatabase.cpp,34,sub_140607B7C
Research/Core/ResearchDatabase.cpp,34,0x140607B7C
Research/Core/ResearchDatabase.cpp,34,sub_140607BA0
Research/Core/ResearchDatabase.cpp,35,sub_1406078CC
Research/Core/ResearchDatabase.cpp,35,0x1406078CC
Research/Core/ResearchDatabase.cpp,36,sub_1401FD0AC
Research/Core/ResearchDatabase.cpp,36,0x1401FD0AC
Research/Core/ResearchDatabase.cpp,37,sub_140676250
Research/Core/ResearchDatabase.cpp,37,0x140676250
Research/Core/ResearchDatabase.cpp,38,sub_1406760F4
Research/Core/ResearchDatabase.cpp,38,0x1406760F4
Research/Core/ResearchDatabase.cpp,39,sub_140676164
Research/Core/ResearchDatabase.cpp,39,0x140676164
Research/Core/ResearchDatabase.cpp,40,sub_1406761E0
Research/Core/ResearchDatabase.cpp,40,0x1406761E0
Research/Core/ResearchDatabase.cpp,41,sub_1406722A0
Research/Core/ResearchDatabase.cpp,41,0x1406722A0
Research/Core/ResearchDatabase.cpp,46,sub_1406734A8
Research/Core/ResearchDatabase.cpp,46,0x1406734A8
Research/Core/ResearchDatabase.cpp,47,sub_140673438
Research/Core/ResearchDatabase.cpp,47,0x140673438
Research/Core/ResearchDatabase.cpp,48,sub_140673374
Research/Core/ResearchDatabase.cpp,48,0x140673374
Research/Core/ResearchDatabase.cpp,49,sub_1406B3DCC
Research/Core/ResearchDatabase.cpp,49,0x1406B3DCC
Research/Core/ResearchDatabase.cpp,50,sub_140AE6010
Research/Core/ResearchDatabase.cpp,50,0x140AE6010
Research/Core/ResearchDatabase.cpp,51,sub_140AE6670
Research/Core/ResearchDatabase.cpp,51,0x140AE6670
Research/Core/ResearchDatabase.cpp,52,sub_140AE6720
Research/Core/ResearchDatabase.cpp,52,0x140AE6720
Research/Core/ResearchDatabase.cpp,53,sub_1406A60D4
Research/Core/ResearchDatabase.cpp,53,0x1406A60D4
Research/Core/ResearchDatabase.cpp,58,sub_140A03D30
Research/Core/ResearchDatabase.cpp,58,0x140A03D30
Research/Core/ResearchDatabase.cpp,59,sub_140A139F0
Research/Core/ResearchDatabase.cpp,59,0x140A139F0
Research/Core/ResearchDatabase.cpp,60,sub_140AAFB10
Research/Core/ResearchDatabase.cpp,60,0x140AAFB10
Research/Core/ResearchDatabase.cpp,61,sub_140AAFA50
Research/Core/ResearchDatabase.cpp,61,0x140AAFA50
Research/Core/ResearchDatabase.cpp,62,sub_140A01EB0
Research/Core/ResearchDatabase.cpp,62,0x140A01EB0
Research/Core/ResearchDatabase.cpp,67,sub_1403B0074
Research/Core/ResearchDatabase.cpp,67,0x1403B0074
Research/Core/ResearchDatabase.cpp,68,sub_140A0FDB0
Research/Core/ResearchDatabase.cpp,68,0x140A0FDB0
Research/Core/ResearchDatabase.cpp,69,sub_140A10150
Research/Core/ResearchDatabase.cpp,69,0x140A10150
Research/Core/ResearchDatabase.cpp,70,sub_14043FB28
Research/Core/ResearchDatabase.cpp,70,0x14043FB28
Research/Core/ResearchDatabase.cpp,71,sub_14043F208
Research/Core/ResearchDatabase.cpp,71,0x14043F208
Research/Core/ResearchDatabase.cpp,76,sub_1404B520C
Research/Core/ResearchDatabase.cpp,76,0x1404B520C
Research/Core/ResearchDatabase.cpp,77,sub_1404B5418
Research/Core/ResearchDatabase.cpp,77,0x1404B5418
Research/Core/ResearchDatabase.cpp,77,sub_1404B520C
Research/Core/ResearchDatabase.cpp,78,sub_1404B612C
Research/Core/ResearchDatabase.cpp,78,0x1404B612C
Research/Core/ResearchDatabase.cpp,79,sub_1404B9C0C
Research/Core/ResearchDatabase.cpp,79,0x1404B9C0C
Research/Core/ResearchDatabase.cpp,80,sub_1401C9590
Research/Core/ResearchDatabase.cpp,80,0x1401C9590
Research/Core/ResearchDatabase.cpp,81,sub_1401C9CFC
Research/Core/ResearchDatabase.cpp,81,0x1401C9CFC
Research/Core/ResearchDatabase.cpp,82,sub_1401CA4D0
Research/Core/ResearchDatabase.cpp,82,0x1401CA4D0
Research/Core/ResearchDatabase.cpp,83,sub_1401CCC48
Research/Core/ResearchDatabase.cpp,83,0x1401CCC48
Research/Core/ResearchDatabase.cpp,84,sub_1401CD508
Research/Core/ResearchDatabase.cpp,84,0x1401CD508
Research/Core/ResearchDatabase.cpp,86,sub_14051956C
Research/Core/ResearchDatabase.cpp,86,0x14051956C
Research/Core/ResearchDatabase.cpp,87,sub_14050AA98
Research/Core/ResearchDatabase.cpp,87,0x14050AA98
Research/Core/ResearchDatabase.cpp,88,sub_14051EA54
Research/Core/ResearchDatabase.cpp,88,0x14051EA54
Research/Core/ResearchDatabase.cpp,89,sub_14051EDC0
Research/Core/ResearchDatabase.cpp,89,0x14051EDC0
Research/Core/ResearchDatabase.cpp,90,sub_14050C37C
Research/Core/ResearchDatabase.cpp,90,0x14050C37C
Research/Core/ResearchDatabase.cpp,91,sub_14050A3F8
Research/Core/ResearchDatabase.cpp,91,0x14050A3F8
Research/Core/ResearchDatabase.cpp,96,sub_14068E778
Research/Core/ResearchDatabase.cpp,96,0x14068E778
Research/Core/ResearchDatabase.cpp,97,sub_140604588
Research/Core/ResearchDatabase.cpp,97,0x140604588
Research/Core/ResearchDatabase.cpp,98,sub_140595D24
Research/Core/ResearchDatabase.cpp,98,0x140595D24
Research/Core/ResearchDatabase.cpp,99,sub_140595C64
Research/Core/ResearchDatabase.cpp,99,0x140595C64
Research/Core/ResearchDatabase.cpp,100,sub_1405967C8
Research/Core/ResearchDatabase.cpp,100,0x1405967C8
Research/Core/ResearchDatabase.cpp,105,sub_1402D3BE4
Research/Core/ResearchDatabase.cpp,105,0x1402D3BE4
Research/Core/ResearchDatabase.cpp,106,sub_1402D4330
Research/Core/ResearchDatabase.cpp,106,0x1402D4330
Research/Core/ResearchDatabase.cpp,107,sub_1402D48B8
Research/Core/ResearchDatabase.cpp,107,0x1402D48B8
Research/Core/ResearchDatabase.cpp,108,sub_140304DE0
Research/Core/ResearchDatabase.cpp,108,0x140304DE0
Research/Core/ResearchDatabase.cpp,109,sub_14033BF30
Research/Core/ResearchDatabase.cpp,109,0x14033BF30
Research/Core/ResearchDatabase.cpp,144,sub_1403B0074
Research/Core/ResearchDatabase.cpp,144,sub_140A0FDB0
Research/Core/ResearchDatabase.cpp,145,sub_14043FB28
Research/Core/ResearchDatabase.cpp,145,sub_14043F208
Research/Core/ResearchDatabase.cpp,146,sub_14068E778
Research/Core/ResearchDatabase.cpp,147,sub_140604588
Research/Core/ResearchDatabase.cpp,148,sub_14050AA98
Research/Core/ResearchDatabase.cpp,148,sub_14051EDC0
Research/Core/ResearchDatabase.cpp,149,sub_1402D3BE4
Research/Core/ResearchDatabase.cpp,149,sub_14033BF30
Research/Core/ResearchDatabase.cpp,150,sub_1404B520C
Research/Core/ResearchDatabase.cpp,150,sub_1401C9CFC
Research/FreePlay/FreePlayResearch.h,3,sub_14043FB28
Research/FreePlay/FreePlayResearch.h,4,sub_14043F208
Research/Shop/ShopUnlockResearch.h,4,sub_14051EDC0
Research/Shop/ShopUnlockResearch.h,5,sub_14050A3F8
Research/Stage/StageResearch.h,5,sub_140A0FDB0
Research/Story/StoryResearch.h,4,sub_140595D24
Research/Story/StoryResearch.h,4,sub_140595C64
OnlineMenu/AddressBook/KNOWN_ADDRESSES.txt,4,sub_14060759C
OnlineMenu/AddressBook/KNOWN_ADDRESSES.txt,5,sub_140607BA0
OnlineMenu/AddressBook/KNOWN_ADDRESSES.txt,6,sub_140607B5C
OnlineMenu/AddressBook/KNOWN_ADDRESSES.txt,7,sub_140607B7C
OnlineMenu/AddressBook/KNOWN_ADDRESSES.txt,8,sub_1406078CC
OnlineMenu/AddressBook/KNOWN_ADDRESSES.txt,9,sub_1401FD0AC
OnlineMenu/AddressBook/KNOWN_ADDRESSES.txt,12,sub_140676250
OnlineMenu/AddressBook/KNOWN_ADDRESSES.txt,13,sub_1406760F4
OnlineMenu/AddressBook/KNOWN_ADDRESSES.txt,14,sub_140676164
OnlineMenu/AddressBook/KNOWN_ADDRESSES.txt,15,sub_1406761E0
OnlineMenu/AddressBook/KNOWN_ADDRESSES.txt,18,sub_1406734A8
OnlineMenu/AddressBook/KNOWN_ADDRESSES.txt,19,sub_140673438
OnlineMenu/AddressBook/KNOWN_ADDRESSES.txt,20,sub_140673374
OnlineMenu/AddressBook/KNOWN_ADDRESSES.txt,23,sub_1405B10CC
OnlineMenu/AddressBook/KNOWN_ADDRESSES.txt,24,sub_1406B36CC
OnlineMenu/AddressBook/KNOWN_ADDRESSES.txt,25,sub_1406B3904
OnlineMenu/AddressBook/KNOWN_ADDRESSES.txt,26,sub_1406B37D4
OnlineMenu/AddressBook/KNOWN_ADDRESSES.txt,27,sub_1406B39BC
OnlineMenu/AddressBook/KNOWN_ADDRESSES.txt,28,sub_140AE6B60
OnlineMenu/AddressBook/KNOWN_ADDRESSES.txt,29,sub_140AE69D0
OnlineMenu/AddressBook/KNOWN_ADDRESSES.txt,30,sub_140AE6A90
OnlineMenu/AddressBook/KNOWN_ADDRESSES.txt,31,sub_140AE6670
OnlineMenu/AddressBook/KNOWN_ADDRESSES.txt,32,sub_140AE6720
OnlineMenu/AddressBook/KNOWN_ADDRESSES.txt,33,sub_140AE6010
OnlineMenu/AddressBook/KNOWN_ADDRESSES.txt,36,sub_14043FB28
OnlineMenu/AddressBook/KNOWN_ADDRESSES.txt,37,sub_14043F208
OnlineMenu/AddressBook/KNOWN_ADDRESSES.txt,38,sub_1404B6284
OnlineMenu/AddressBook/KNOWN_ADDRESSES.txt,39,sub_1404B6B58
OnlineMenu/AddressBook/KNOWN_ADDRESSES.txt,40,sub_1404B6BC8
OnlineMenu/AddressBook/KNOWN_ADDRESSES.txt,41,sub_1404B6B90
OnlineMenu/AddressBook/KNOWN_ADDRESSES.txt,44,sub_1403B0074
OnlineMenu/AddressBook/KNOWN_ADDRESSES.txt,45,sub_140A0FDB0
OnlineMenu/AddressBook/KNOWN_ADDRESSES.txt,48,sub_14033BF30
OnlineMenu/AddressBook/KNOWN_ADDRESSES.txt,49,sub_14033C7E4
OnlineMenu/AddressBook/KNOWN_ADDRESSES.txt,52,sub_1406E4BC0
OnlineMenu/AddressBook/KNOWN_ADDRESSES.txt,53,sub_140AB4550
OnlineMenu/Addresses/UniversalAddressBook.h,27,sub_14060759C
OnlineMenu/Addresses/UniversalAddressBook.h,27,0x14060759C
OnlineMenu/Addresses/UniversalAddressBook.h,28,sub_140607BA0
OnlineMenu/Addresses/UniversalAddressBook.h,28,0x140607BA0
OnlineMenu/Addresses/UniversalAddressBook.h,29,sub_140607B5C
OnlineMenu/Addresses/UniversalAddressBook.h,29,0x140607B5C
OnlineMenu/Addresses/UniversalAddressBook.h,30,sub_140607B7C
OnlineMenu/Addresses/UniversalAddressBook.h,30,0x140607B7C
OnlineMenu/Addresses/UniversalAddressBook.h,31,sub_1406078CC
OnlineMenu/Addresses/UniversalAddressBook.h,31,0x1406078CC
OnlineMenu/Addresses/UniversalAddressBook.h,32,sub_140607A04
OnlineMenu/Addresses/UniversalAddressBook.h,32,0x140607A04
OnlineMenu/Addresses/UniversalAddressBook.h,33,sub_1401FD0AC
OnlineMenu/Addresses/UniversalAddressBook.h,33,0x1401FD0AC
OnlineMenu/Addresses/UniversalAddressBook.h,35,sub_140676250
OnlineMenu/Addresses/UniversalAddressBook.h,35,0x140676250
OnlineMenu/Addresses/UniversalAddressBook.h,36,sub_140676054
OnlineMenu/Addresses/UniversalAddressBook.h,36,0x140676054
OnlineMenu/Addresses/UniversalAddressBook.h,37,sub_1406760F4
OnlineMenu/Addresses/UniversalAddressBook.h,37,0x1406760F4
OnlineMenu/Addresses/UniversalAddressBook.h,38,sub_140676164
OnlineMenu/Addresses/UniversalAddressBook.h,38,0x140676164
OnlineMenu/Addresses/UniversalAddressBook.h,39,sub_1406761D4
OnlineMenu/Addresses/UniversalAddressBook.h,39,0x1406761D4
OnlineMenu/Addresses/UniversalAddressBook.h,40,sub_1406761D8
OnlineMenu/Addresses/UniversalAddressBook.h,40,0x1406761D8
OnlineMenu/Addresses/UniversalAddressBook.h,41,sub_1406761E0
OnlineMenu/Addresses/UniversalAddressBook.h,41,0x1406761E0
OnlineMenu/Addresses/UniversalAddressBook.h,42,sub_140676904
OnlineMenu/Addresses/UniversalAddressBook.h,42,0x140676904
OnlineMenu/Addresses/UniversalAddressBook.h,43,sub_14067699C
OnlineMenu/Addresses/UniversalAddressBook.h,43,0x14067699C
OnlineMenu/Addresses/UniversalAddressBook.h,44,sub_140676A34
OnlineMenu/Addresses/UniversalAddressBook.h,44,0x140676A34
OnlineMenu/Addresses/UniversalAddressBook.h,45,sub_140676A9C
OnlineMenu/Addresses/UniversalAddressBook.h,45,0x140676A9C
OnlineMenu/Addresses/UniversalAddressBook.h,47,sub_1405C17B4
OnlineMenu/Addresses/UniversalAddressBook.h,47,0x1405C17B4
OnlineMenu/Addresses/UniversalAddressBook.h,48,sub_1405C1910
OnlineMenu/Addresses/UniversalAddressBook.h,48,0x1405C1910
OnlineMenu/Addresses/UniversalAddressBook.h,49,sub_1405C2FFC
OnlineMenu/Addresses/UniversalAddressBook.h,49,0x1405C2FFC
OnlineMenu/Addresses/UniversalAddressBook.h,50,sub_1405C3064
OnlineMenu/Addresses/UniversalAddressBook.h,50,0x1405C3064
OnlineMenu/Addresses/UniversalAddressBook.h,51,sub_1405C33FC
OnlineMenu/Addresses/UniversalAddressBook.h,51,0x1405C33FC
OnlineMenu/Addresses/UniversalAddressBook.h,52,sub_1405C343C
OnlineMenu/Addresses/UniversalAddressBook.h,52,0x1405C343C
OnlineMenu/Addresses/UniversalAddressBook.h,54,sub_140671C94
OnlineMenu/Addresses/UniversalAddressBook.h,54,0x140671C94
OnlineMenu/Addresses/UniversalAddressBook.h,55,sub_140671D28
OnlineMenu/Addresses/UniversalAddressBook.h,55,0x140671D28
OnlineMenu/Addresses/UniversalAddressBook.h,56,sub_1406722A0
OnlineMenu/Addresses/UniversalAddressBook.h,56,0x1406722A0
OnlineMenu/Addresses/UniversalAddressBook.h,57,sub_140672320
OnlineMenu/Addresses/UniversalAddressBook.h,57,0x140672320
OnlineMenu/Addresses/UniversalAddressBook.h,58,sub_140672384
OnlineMenu/Addresses/UniversalAddressBook.h,58,0x140672384
OnlineMenu/Addresses/UniversalAddressBook.h,60,sub_1406A5E7C
OnlineMenu/Addresses/UniversalAddressBook.h,60,0x1406A5E7C
OnlineMenu/Addresses/UniversalAddressBook.h,61,sub_1406A5F18
OnlineMenu/Addresses/UniversalAddressBook.h,61,0x1406A5F18
OnlineMenu/Addresses/UniversalAddressBook.h,62,sub_1406A6060
OnlineMenu/Addresses/UniversalAddressBook.h,62,0x1406A6060
OnlineMenu/Addresses/UniversalAddressBook.h,63,sub_1406A6068
OnlineMenu/Addresses/UniversalAddressBook.h,63,0x1406A6068
OnlineMenu/Addresses/UniversalAddressBook.h,64,sub_1406A60D4
OnlineMenu/Addresses/UniversalAddressBook.h,64,0x1406A60D4
OnlineMenu/Addresses/UniversalAddressBook.h,66,sub_1406B3DCC
OnlineMenu/Addresses/UniversalAddressBook.h,66,0x1406B3DCC
OnlineMenu/Addresses/UniversalAddressBook.h,67,sub_140AE6010
OnlineMenu/Addresses/UniversalAddressBook.h,67,0x140AE6010
OnlineMenu/Addresses/UniversalAddressBook.h,68,sub_140AE6670
OnlineMenu/Addresses/UniversalAddressBook.h,68,0x140AE6670
OnlineMenu/Addresses/UniversalAddressBook.h,69,sub_140AE6720
OnlineMenu/Addresses/UniversalAddressBook.h,69,0x140AE6720
OnlineMenu/BossBattle/BOSS_BATTLE_RESEARCH.txt,3,sub_1406E4BC0
OnlineMenu/BossBattle/BOSS_BATTLE_RESEARCH.txt,6,sub_1402140F4
OnlineMenu/BossBattle/BOSS_BATTLE_RESEARCH.txt,7,sub_140AB4550
OnlineMenu/BossBattle/BOSS_BATTLE_RESEARCH.txt,9,sub_140AB4550
OnlineMenu/BossBattle/BOSS_BATTLE_RESEARCH.txt,10,sub_1401CB71C
OnlineMenu/BossBattle/BOSS_BATTLE_RESEARCH.txt,37,sub_1402140F4
OnlineMenu/BossBattle/BOSS_BATTLE_RESEARCH.txt,38,sub_1401CB71C
OnlineMenu/Character_Costume/CHARACTER_COSTUME_RESEARCH.txt,3,sub_1404B520C
OnlineMenu/Character_Costume/CHARACTER_COSTUME_RESEARCH.txt,6,sub_1404B612C
OnlineMenu/Character_Costume/CHARACTER_COSTUME_RESEARCH.txt,9,sub_1401C9CFC
OnlineMenu/Character_Costume/CHARACTER_COSTUME_RESEARCH.txt,12,sub_1401CA4D0
OnlineMenu/Character_Costume/CHARACTER_COSTUME_RESEARCH.txt,15,sub_14051956C
OnlineMenu/Character_Costume/CHARACTER_COSTUME_RESEARCH.txt,18,sub_14051EDC0
OnlineMenu/Character_Costume/CHARACTER_COSTUME_RESEARCH.txt,21,sub_14050AA98
OnlineMenu/Character_Costume/CHARACTER_COSTUME_RESEARCH.txt,23,sub_14051EA54
OnlineMenu/Character_Costume/CHARACTER_COSTUME_RESEARCH.txt,23,sub_14051EDC0
OnlineMenu/Character_Costume/CHARACTER_COSTUME_RESEARCH.txt,23,sub_14050C37C
OnlineMenu/Character_Costume/CHARACTER_COSTUME_RESEARCH.txt,23,sub_14050A3F8
OnlineMenu/Character_Costume/CHARACTER_COSTUME_RESEARCH.txt,25,sub_14050C37C
OnlineMenu/Character_Costume/CHARACTER_COSTUME_RESEARCH.txt,28,sub_14050A3F8
OnlineMenu/Combat/COMBAT_RESEARCH.txt,3,sub_1402D3BE4
OnlineMenu/Combat/COMBAT_RESEARCH.txt,6,sub_1402D4330
OnlineMenu/Combat/COMBAT_RESEARCH.txt,7,sub_1402D4478
OnlineMenu/Combat/COMBAT_RESEARCH.txt,9,sub_1402D48B8
OnlineMenu/Combat/COMBAT_RESEARCH.txt,12,sub_140304DE0
OnlineMenu/Combat/COMBAT_RESEARCH.txt,13,sub_140304FD4
OnlineMenu/Combat/COMBAT_RESEARCH.txt,15,sub_14033BF30
OnlineMenu/Combat/COMBAT_RESEARCH.txt,18,sub_14033C7E4
OnlineMenu/Combat/COMBAT_RESEARCH.txt,21,sub_140524D50
OnlineMenu/Combat/COMBAT_RESEARCH.txt,25,sub_1402D4478
OnlineMenu/Combat/COMBAT_RESEARCH.txt,26,sub_140304FD4
OnlineMenu/Dialogs/DialogExamples.h,7,sub_140659358
OnlineMenu/Dialogs/DialogExamples.h,8,sub_140659780
OnlineMenu/Dialogs/DialogExamples.h,9,sub_1406595F4
OnlineMenu/Dialogs/DialogExamples.h,10,sub_1406594DC
OnlineMenu/Flash/FlashCallLayer.cpp,26,sub_140607B5C
OnlineMenu/Flash/FlashCallLayer.cpp,33,sub_140607BA0
OnlineMenu/Flash/FlashCallLayer.h,11,sub_140607BA0
OnlineMenu/Flash/FlashCallLayer.h,12,sub_140607B5C
OnlineMenu/Flash/FlashCallLayer.h,13,sub_140607B7C
OnlineMenu/Flash/FlashCallLayer.h,14,sub_140607CBC
OnlineMenu/Flash/FlashCallLayer.h,15,sub_14060759C
OnlineMenu/FlashTracer/FlashTracer.cpp,8,sub_140607BA0
OnlineMenu/FlashTracer/FlashTracer.cpp,8,sub_140607B5C
OnlineMenu/FlashTracer/FlashTracer.cpp,8,sub_14060759C
OnlineMenu/Help/HelpOverlayExamples.cpp,9,sub_14066A9A0
OnlineMenu/Help/HelpOverlayExamples.cpp,10,sub_14066AE94
OnlineMenu/Help/HelpOverlayExamples.cpp,21,sub_14066AC9C
OnlineMenu/Hooks/OnlineMenuHookLogger.cpp,10,0x140607BA0
OnlineMenu/Hooks/OnlineMenuHookLogger.cpp,11,0x140607B5C
OnlineMenu/Hooks/OnlineMenuHookLogger.cpp,12,0x140607B7C
OnlineMenu/Hooks/OnlineMenuHookLogger.cpp,13,0x14060759C
OnlineMenu/Hooks/OnlineMenuHookLogger.cpp,14,0x1406078CC
OnlineMenu/Hooks/OnlineMenuHookLogger.cpp,15,0x1401FD0AC
OnlineMenu/Hooks/OnlineMenuHookLogger.cpp,17,0x140676250
OnlineMenu/Hooks/OnlineMenuHookLogger.cpp,18,0x1406760F4
OnlineMenu/Hooks/OnlineMenuHookLogger.cpp,19,0x140676164
OnlineMenu/Hooks/OnlineMenuHookLogger.cpp,20,0x1406761E0
OnlineMenu/Hooks/OnlineMenuHookLogger.cpp,21,0x1405C0AA0
OnlineMenu/Hooks/OnlineMenuHookLogger.cpp,22,0x1405C17B4
OnlineMenu/Hooks/OnlineMenuHookLogger.cpp,23,0x1405C3064
OnlineMenu/Hooks/OnlineMenuHookLogger.cpp,25,0x140671D28
OnlineMenu/Hooks/OnlineMenuHookLogger.cpp,26,0x1406722A0
OnlineMenu/Hooks/OnlineMenuHookLogger.cpp,28,0x1406734A8
OnlineMenu/Hooks/OnlineMenuHookLogger.cpp,29,0x1406732AC
OnlineMenu/Hooks/OnlineMenuHookLogger.cpp,30,0x140673374
OnlineMenu/Hooks/OnlineMenuHookLogger.cpp,31,0x140673438
OnlineMenu/Hooks/OnlineMenuHookStubs.cpp,12,0x140607BA0
OnlineMenu/Hooks/OnlineMenuHookStubs.cpp,13,0x140607B5C
OnlineMenu/Hooks/OnlineMenuHookStubs.cpp,14,0x140607B7C
OnlineMenu/Hooks/OnlineMenuHookStubs.cpp,15,0x1401FD0AC
OnlineMenu/Hooks/OnlineMenuHookStubs.cpp,16,0x1406760F4
OnlineMenu/Hooks/OnlineMenuHookStubs.cpp,17,0x140676164
OnlineMenu/Hooks/RuntimeFlashHookPlan.h,9,sub_140607B5C
OnlineMenu/Hooks/RuntimeFlashHookPlan.h,19,sub_1406760F4
OnlineMenu/Hooks/RuntimeFlashHookPlan.h,29,sub_14060759C
OnlineMenu/Hooks/RuntimeFlashHookPlan.h,30,sub_1401FD0AC
OnlineMenu/Hooks/RuntimeFlashHookPlan.h,31,sub_140607B5C
OnlineMenu/Hooks/RuntimeFlashHookPlan.h,32,sub_140607BA0
OnlineMenu/Hooks/RuntimeFlashHookPlan.h,33,sub_1406760F4
OnlineMenu/Hooks/RuntimeFlashHookPlan.h,34,sub_140676164
OnlineMenu/LAN_Radmin_Research/LAN_EVENT_IDS.txt,3,sub_1405B7204
OnlineMenu/LAN_Radmin_Research/LAN_EVENT_IDS.txt,4,sub_1405B3C28
OnlineMenu/LAN_Radmin_Research/LAN_EVENT_IDS.txt,4,sub_1405B3E40
OnlineMenu/LAN_Radmin_Research/LAN_EVENT_IDS.txt,5,sub_1406B28DC
OnlineMenu/LAN_Radmin_Research/LAN_EVENT_IDS.txt,6,sub_1405B6DE4
OnlineMenu/LAN_Radmin_Research/LAN_EVENT_IDS.txt,7,sub_1405B6DE4
OnlineMenu/LAN_Radmin_Research/LAN_EVENT_IDS.txt,8,sub_1405B6DE4
OnlineMenu/LAN_Radmin_Research/LAN_EVENT_IDS.txt,9,sub_1405B6DE4
OnlineMenu/LAN_Radmin_Research/LAN_EVENT_IDS.txt,10,sub_1405B6DE4
OnlineMenu/LAN_Radmin_Research/LAN_EVENT_IDS.txt,11,sub_1405B6DE4
OnlineMenu/LAN_Radmin_Research/LAN_EVENT_IDS.txt,24,sub_1406B39BC
OnlineMenu/LAN_Radmin_Research/LAN_RESEARCH_SUMMARY.txt,6,sub_1406B39BC
OnlineMenu/LAN_Radmin_Research/LAN_RESEARCH_SUMMARY.txt,9,sub_1405B10CC
OnlineMenu/LAN_Radmin_Research/LAN_RESEARCH_SUMMARY.txt,10,sub_1406B36CC
OnlineMenu/LAN_Radmin_Research/LAN_RESEARCH_SUMMARY.txt,11,sub_1406B3904
OnlineMenu/LAN_Radmin_Research/LAN_RESEARCH_SUMMARY.txt,12,sub_1406B37D4
OnlineMenu/LAN_Radmin_Research/LAN_RESEARCH_SUMMARY.txt,13,sub_140AE6B60
OnlineMenu/LAN_Radmin_Research/LAN_RESEARCH_SUMMARY.txt,14,sub_140AE69D0
OnlineMenu/LAN_Radmin_Research/LAN_RESEARCH_SUMMARY.txt,15,sub_140AE6A90
OnlineMenu/LAN_Radmin_Research/LAN_RESEARCH_SUMMARY.txt,16,sub_140AE6670
OnlineMenu/LAN_Radmin_Research/LAN_RESEARCH_SUMMARY.txt,17,sub_140AE6720
OnlineMenu/LAN_Radmin_Research/LAN_RESEARCH_SUMMARY.txt,18,sub_140AE6010
OnlineMenu/LAN_Radmin_Research/LAN_RESEARCH_SUMMARY.txt,19,sub_1406B2818
OnlineMenu/LAN_Radmin_Research/LAN_RESEARCH_SUMMARY.txt,20,sub_1406B2834
OnlineMenu/LAN_Radmin_Research/LAN_RESEARCH_SUMMARY.txt,21,sub_1406B2850
OnlineMenu/LAN_Radmin_Research/LAN_RESEARCH_SUMMARY.txt,22,sub_1406B2AD0
OnlineMenu/LAN_Radmin_Research/LAN_RESEARCH_SUMMARY.txt,22,sub_1409A3E40
OnlineMenu/LAN_Radmin_Research/LAN_RESEARCH_SUMMARY.txt,23,sub_1406B2A78
OnlineMenu/LAN_Radmin_Research/LAN_RESEARCH_SUMMARY.txt,24,sub_1406B3B00
OnlineMenu/Lobby/LobbySyncMap.h,8,sub_140674688
OnlineMenu/Lobby/LobbySyncMap.h,31,sub_140674E74
OnlineMenu/Lobby/LobbySyncMap.h,35,sub_140674688
OnlineMenu/Lobby/LobbySyncMap.h,36,sub_140674E74
OnlineMenu/Lobby/LobbySyncMap.h,37,sub_140674CD4
OnlineMenu/Lobby/LobbySyncMap.h,38,sub_14067518C
OnlineMenu/Lobby/LobbySyncMap.h,39,sub_14067501C
OnlineMenu/Lobby/LobbySyncMap.h,40,sub_140675364
OnlineMenu/Lobby/LobbySyncMap.h,41,sub_140673D98
OnlineMenu/Lobby/LobbySyncMap.h,42,sub_140673D18
OnlineMenu/Lobby/LobbySyncMap.h,43,sub_140675494
OnlineMenu/Next_IDA_Targets/NEXT_SUBS_TO_DUMP.txt,4,sub_1406B39BC
OnlineMenu/Next_IDA_Targets/NEXT_SUBS_TO_DUMP.txt,7,sub_140AE6300
OnlineMenu/Next_IDA_Targets/NEXT_SUBS_TO_DUMP.txt,8,sub_140AE6380
OnlineMenu/Next_IDA_Targets/NEXT_SUBS_TO_DUMP.txt,9,sub_140AE62F0
OnlineMenu/Next_IDA_Targets/NEXT_SUBS_TO_DUMP.txt,10,sub_140AE63F0
OnlineMenu/Next_IDA_Targets/NEXT_SUBS_TO_DUMP.txt,11,sub_140AE7A10
OnlineMenu/Next_IDA_Targets/NEXT_SUBS_TO_DUMP.txt,12,sub_140AE7AD0
OnlineMenu/Next_IDA_Targets/NEXT_SUBS_TO_DUMP.txt,13,sub_140AE7AA0
OnlineMenu/Next_IDA_Targets/NEXT_SUBS_TO_DUMP.txt,14,sub_140AE7A40
OnlineMenu/Next_IDA_Targets/NEXT_SUBS_TO_DUMP.txt,15,sub_140AE7B60
OnlineMenu/Next_IDA_Targets/NEXT_SUBS_TO_DUMP.txt,16,sub_140AE8160
OnlineMenu/Next_IDA_Targets/NEXT_SUBS_TO_DUMP.txt,28,sub_1405C43F8
OnlineMenu/Next_IDA_Targets/NEXT_SUBS_TO_DUMP.txt,29,sub_1405CBB10
OnlineMenu/Next_IDA_Targets/NEXT_SUBS_TO_DUMP.txt,30,sub_1406B33B4
OnlineMenu/Next_IDA_Targets/NEXT_SUBS_TO_DUMP.txt,31,sub_1406B45A8
OnlineMenu/Next_IDA_Targets/NEXT_SUBS_TO_DUMP.txt,32,sub_140673438
OnlineMenu/Next_IDA_Targets/NEXT_SUBS_TO_DUMP.txt,35,sub_14052990C
OnlineMenu/Next_IDA_Targets/NEXT_SUBS_TO_DUMP.txt,36,sub_14043FA2C
OnlineMenu/Next_IDA_Targets/NEXT_SUBS_TO_DUMP.txt,37,sub_1404B6344
OnlineMenu/Next_IDA_Targets/NEXT_SUBS_TO_DUMP.txt,38,sub_1404B6234
OnlineMenu/Next_IDA_Targets/NEXT_SUBS_TO_DUMP.txt,41,sub_1402140F4
OnlineMenu/Next_IDA_Targets/NEXT_SUBS_TO_DUMP.txt,42,sub_1401CB71C
OnlineMenu/OnlineMenu/LOBBY_UI_SUMMARY.txt,19,sub_1406734A8
OnlineMenu/OnlineMenu/LOBBY_UI_SUMMARY.txt,20,sub_1406732AC
OnlineMenu/OnlineMenu/LOBBY_UI_SUMMARY.txt,21,sub_140673374
OnlineMenu/OnlineMenu/LOBBY_UI_SUMMARY.txt,22,sub_140673438
OnlineMenu/OnlineMenu/LOBBY_UI_SUMMARY.txt,25,sub_1406A5E7C
OnlineMenu/OnlineMenu/LOBBY_UI_SUMMARY.txt,26,sub_1406A5F18
OnlineMenu/OnlineMenu/LOBBY_UI_SUMMARY.txt,27,sub_1406A6060
OnlineMenu/OnlineMenu/LOBBY_UI_SUMMARY.txt,28,sub_1406A6068
OnlineMenu/OnlineMenu/LOBBY_UI_SUMMARY.txt,29,sub_1406A60D4
OnlineMenu/OnlineMenu/ONLINE_MENU_SUMMARY.txt,4,sub_14060759C
OnlineMenu/OnlineMenu/ONLINE_MENU_SUMMARY.txt,5,sub_140607BA0
OnlineMenu/OnlineMenu/ONLINE_MENU_SUMMARY.txt,6,sub_140607B5C
OnlineMenu/OnlineMenu/ONLINE_MENU_SUMMARY.txt,7,sub_140607B7C
OnlineMenu/OnlineMenu/ONLINE_MENU_SUMMARY.txt,8,sub_1406078CC
OnlineMenu/OnlineMenu/ONLINE_MENU_SUMMARY.txt,9,sub_140607A04
OnlineMenu/OnlineMenu/ONLINE_MENU_SUMMARY.txt,10,sub_1401FD0AC
OnlineMenu/OnlineMenu/ONLINE_MENU_SUMMARY.txt,34,sub_140676250
OnlineMenu/OnlineMenu/ONLINE_MENU_SUMMARY.txt,35,sub_140676054
OnlineMenu/OnlineMenu/ONLINE_MENU_SUMMARY.txt,36,sub_1406760F4
OnlineMenu/OnlineMenu/ONLINE_MENU_SUMMARY.txt,37,sub_140676164
OnlineMenu/OnlineMenu/ONLINE_MENU_SUMMARY.txt,38,sub_1406761E0
OnlineMenu/OnlineMenu/ONLINE_MENU_SUMMARY.txt,39,sub_140676904
OnlineMenu/OnlineMenu/ONLINE_MENU_SUMMARY.txt,40,sub_14067699C
OnlineMenu/OnlineMenu/ONLINE_MENU_SUMMARY.txt,41,sub_140676A34
OnlineMenu/OnlineMenu/ONLINE_MENU_SUMMARY.txt,42,sub_140676A9C
OnlineMenu/Research/FunctionMap.h,5,sub_140607BA0
OnlineMenu/Research/FunctionMap.h,6,sub_140607B5C
OnlineMenu/Research/FunctionMap.h,7,sub_14060759C
OnlineMenu/Research/FunctionMap.h,8,sub_140674688
OnlineMenu/Research/FunctionMap.h,9,sub_140674E74
OnlineMenu/Research/FunctionMap.h,10,sub_140675494
OnlineMenu/Research/FunctionMap.h,11,sub_14067518C
OnlineMenu/Research/FunctionMap.h,12,sub_14067501C
OnlineMenu/Research/FunctionMap.h,13,sub_140674CD4
OnlineMenu/Research/FunctionMap.h,14,sub_140673D98
OnlineMenu/Research/FunctionMap.h,15,sub_140673D18
OnlineMenu/Research/FunctionMap.h,16,sub_1406749F4
OnlineMenu/Research/FunctionMap.h,17,sub_140674B20
OnlineMenu/Research/FunctionMap.h,18,sub_140AE7A40
OnlineMenu/Research/FunctionMap.h,19,sub_140AE7AA0
OnlineMenu/Research/FunctionMap.h,20,sub_140AE8160
OnlineMenu/Research/FunctionMap.h,21,sub_140AE7EC0
OnlineMenu/Research/FunctionMap.h,22,sub_140AE8250
OnlineMenu/Research/FunctionMap.h,23,sub_140AE7B00
OnlineMenu/Research/FunctionMap.h,24,sub_140AE7B30
OnlineMenu/Research/FunctionMap.h,25,sub_140AE7B90
OnlineMenu/Research/FunctionMap.h,26,sub_1405B76BC
OnlineMenu/Research/FunctionMap.h,27,sub_1405B44F0
OnlineMenu/Research/FunctionMap.h,28,sub_1405B4420
OnlineMenu/Research/FunctionMap.h,29,sub_1405B776C
OnlineMenu/Research/FunctionMap.h,30,sub_1405C3B30
OnlineMenu/Research/FunctionMap.h,31,sub_140AE43C0
OnlineMenu/Research/FunctionMap.h,32,sub_140AE4460
OnlineMenu/Research/FunctionMap.h,33,sub_1405C572C
OnlineMenu/Research/FunctionMap.h,34,sub_1405C5B0C
OnlineMenu/Research/FunctionNames.h,14,sub_140607BA0
OnlineMenu/Research/FunctionNames.h,15,sub_140607B5C
OnlineMenu/Research/FunctionNames.h,16,sub_14060759C
OnlineMenu/Research/FunctionNames.h,17,sub_1406734A8
OnlineMenu/Research/FunctionNames.h,18,sub_140674688
OnlineMenu/Research/FunctionNames.h,19,sub_140674E74
OnlineMenu/Research/FunctionNames.h,20,sub_140675494
OnlineMenu/Research/FunctionNames.h,21,sub_14067518C
OnlineMenu/Research/FunctionNames.h,22,sub_14067501C
OnlineMenu/Research/FunctionNames.h,23,sub_140674CD4
OnlineMenu/Research/FunctionNames.h,24,sub_140673D98
OnlineMenu/Research/FunctionNames.h,25,sub_140673D18
OnlineMenu/Research/FunctionNames.h,26,sub_1406749F4
OnlineMenu/Research/FunctionNames.h,27,sub_140674C58
OnlineMenu/Research/FunctionNames.h,28,sub_140674200
OnlineMenu/Research/FunctionNames.h,29,sub_140675364
OnlineMenu/Research/FunctionNames.h,30,sub_140673E48
OnlineMenu/Research/FunctionNames.h,31,sub_140AE6670
OnlineMenu/Research/FunctionNames.h,32,sub_140AE6720
OnlineMenu/Research/FunctionNames.h,33,sub_140AEB5B0
OnlineMenu/Research/FunctionNames.h,34,sub_140673408
OnlineMenu/Research/KnownAddresses.h,5,0x140607BA0
OnlineMenu/Research/KnownAddresses.h,6,0x140607B5C
OnlineMenu/Research/KnownAddresses.h,7,0x14060759C
OnlineMenu/Research/KnownAddresses.h,8,0x1401FD0AC
OnlineMenu/Research/KnownAddresses.h,10,0x1406734A8
OnlineMenu/Research/KnownAddresses.h,11,0x140674688
OnlineMenu/Research/KnownAddresses.h,12,0x140674E74
OnlineMenu/Research/KnownAddresses.h,13,0x140675494
OnlineMenu/Research/KnownAddresses.h,14,0x14067518C
OnlineMenu/Research/KnownAddresses.h,15,0x14067501C
OnlineMenu/Research/KnownAddresses.h,16,0x140674CD4
OnlineMenu/Research/KnownAddresses.h,17,0x140673D98
OnlineMenu/Research/KnownAddresses.h,18,0x140673D18
OnlineMenu/Research/KnownAddresses.h,19,0x1406749F4
OnlineMenu/Research/KnownAddresses.h,20,0x140674B20
OnlineMenu/Research/KnownAddresses.h,21,0x140673BB0
OnlineMenu/Research/KnownAddresses.h,23,0x140AE7A40
OnlineMenu/Research/KnownAddresses.h,24,0x140AE7AA0
OnlineMenu/Research/KnownAddresses.h,25,0x140AE8160
OnlineMenu/Research/KnownAddresses.h,26,0x140AE7EC0
OnlineMenu/Research/KnownAddresses.h,27,0x140AE8250
OnlineMenu/Research/KnownAddresses.h,28,0x140AE7B00
OnlineMenu/Research/KnownAddresses.h,29,0x140AE7B30
OnlineMenu/Research/KnownAddresses.h,30,0x140AE7B90
OnlineMenu/Research/KnownAddresses.h,31,0x140AE7AD0
OnlineMenu/Research/KnownAddresses.h,32,0x140AE7A10
OnlineMenu/Research/KnownAddresses.h,34,0x1405B76BC
OnlineMenu/Research/KnownAddresses.h,35,0x1405B44F0
OnlineMenu/Research/KnownAddresses.h,36,0x1405B4420
OnlineMenu/Research/KnownAddresses.h,37,0x1405B776C
OnlineMenu/Research/KnownAddresses.h,38,0x1405C3B30
OnlineMenu/Research/KnownAddresses.h,40,0x1406B1524
OnlineMenu/Research/KnownAddresses.h,41,0x1406B163C
OnlineMenu/Research/KnownAddresses.h,42,0x1406B17A4
OnlineMenu/Research/KnownAddresses.h,43,0x1406B2E84
OnlineMenu/Research/KnownAddresses.h,44,0x1406B4D44
OnlineMenu/Research/KnownAddresses.h,45,0x1406B4224
OnlineMenu/Research/KnownAddresses.h,46,0x1406B5260
OnlineMenu/Research/KnownAddresses.h,48,0x140AE43C0
OnlineMenu/Research/KnownAddresses.h,49,0x140AE4460
OnlineMenu/Research/KnownAddresses.h,50,0x1405C572C
OnlineMenu/Research/KnownAddresses.h,51,0x1405C5B0C
OnlineMenu/Research/KnownAddresses.h,52,0x140565488
OnlineMenu/Research/LatestLobbyResearch.cpp,49,sub_140675494
OnlineMenu/Research/LatestLobbyResearch.cpp,50,sub_1406749F4
OnlineMenu/Research/LatestLobbyResearch.cpp,51,sub_140674C58
OnlineMenu/Research/LatestLobbyResearch.cpp,52,sub_140AEB470
OnlineMenu/Research/LatestLobbyResearch.cpp,53,sub_140674200
OnlineMenu/Research/LatestLobbyResearch.cpp,54,sub_140607BA0
OnlineMenu/Research/LatestLobbyResearch.cpp,55,sub_14060759C
OnlineMenu/Research/LatestLobbyResearch.cpp,56,sub_140870220
OnlineMenu/Research/LatestLobbyResearch.cpp,57,sub_1409A6298
OnlineMenu/Research/LatestLobbyResearch.cpp,58,sub_140607254
OnlineMenu/Research/LatestLobbyResearch.cpp,59,sub_140AE7B00
OnlineMenu/Research/LatestLobbyResearch.cpp,60,sub_140AE7B90
OnlineMenu/Research/LatestLobbyResearch.cpp,61,sub_14060685C
OnlineMenu/Research/LatestLobbyResearch.cpp,62,sub_1405B76BC
OnlineMenu/Research/LatestLobbyResearch.cpp,63,sub_1406B33B4
OnlineMenu/Research/LatestLobbyResearch.cpp,64,sub_1406B2850
OnlineMenu/Research/LatestLobbyResearch.cpp,65,sub_1406B2834
OnlineMenu/Research/LatestLobbyResearch.cpp,66,sub_1406B20F8
OnlineMenu/Research/ResearchNotes.cpp,20,sub_140AE6670
OnlineMenu/Research/ResearchNotes.cpp,21,sub_140AE6720
OnlineMenu/Research/ResearchNotes.cpp,22,sub_140673408
OnlineMenu/Research/ResearchNotes.cpp,23,sub_140AE7B60
OnlineMenu/Research/ResearchNotes.cpp,24,sub_140AE7AA0
OnlineMenu/Research/ResearchNotes.cpp,25,sub_140AE7A40
OnlineMenu/Research/ResearchNotes.cpp,26,sub_140AE8160
OnlineMenu/Research/ResearchNotes.cpp,27,sub_1405C014C
OnlineMenu/Research/ResearchNotes.cpp,28,sub_1405B5A74
OnlineMenu/Research/ResearchNotes.cpp,29,sub_1406B20F8
OnlineMenu/Research/ResearchNotes.cpp,30,sub_1406B2834
OnlineMenu/Research/ResearchNotes.cpp,31,sub_1406B2850
OnlineMenu/Research/ResearchNotes.cpp,32,sub_1406B2AD0
OnlineMenu/Research/ResearchNotes.cpp,33,sub_1406B2A78
OnlineMenu/Research/ResearchNotes.cpp,34,sub_1406B3B00
OnlineMenu/Scenario_GPSetting/GPSETTING_SCENARIO_PARSER.txt,6,sub_14043FB28
OnlineMenu/Scenario_GPSetting/GPSETTING_SCENARIO_PARSER.txt,7,sub_14043F208
OnlineMenu/Scenario_GPSetting/GPSETTING_SCENARIO_PARSER.txt,9,sub_14043F208
OnlineMenu/Scenario_GPSetting/GPSETTING_SCENARIO_PARSER.txt,13,sub_1404B6284
OnlineMenu/Scenario_GPSetting/GPSETTING_SCENARIO_PARSER.txt,14,sub_1404B622C
OnlineMenu/Scenario_GPSetting/GPSETTING_SCENARIO_PARSER.txt,15,sub_1404B6B58
OnlineMenu/Scenario_GPSetting/GPSETTING_SCENARIO_PARSER.txt,16,sub_1404B6BC8
OnlineMenu/Scenario_GPSetting/GPSETTING_SCENARIO_PARSER.txt,17,sub_1404B6B90
OnlineMenu/Scenario_GPSetting/GPSETTING_SCENARIO_PARSER.txt,44,sub_14052990C
OnlineMenu/Stage/STAGE_RESEARCH.txt,3,sub_1403B0074
OnlineMenu/Stage/STAGE_RESEARCH.txt,13,sub_140A0FDB0
OnlineMenu/Stage/STAGE_RESEARCH.txt,16,sub_140A139F0
OnlineMenu/Stage/STAGE_RESEARCH.txt,19,sub_140A10150
OnlineMenu/Hooking/FlashBridgeHooks.cpp,63,sub_140607BA0
OnlineMenu/Hooking/FlashBridgeHooks.cpp,64,sub_140607B5C
OnlineMenu/Hooking/FlashBridgeHooks.cpp,65,sub_140607B7C
OnlineMenu/Hooking/FlashBridgeHooks.cpp,66,sub_14060759C
OnlineMenu/Hooking/FlashBridgeHooks.cpp,67,sub_1406078CC
OnlineMenu/Hooking/StageResourceHooks.cpp,24,sub_1403B0074
OnlineMenu/Hooking/StageResourceHooks.cpp,37,sub_140A139F0
OnlineMenu/Hooking/StageResourceHooks.cpp,49,sub_1403B0074
OnlineMenu/Hooking/StageResourceHooks.cpp,50,sub_140A03D30
OnlineMenu/Hooking/StageResourceHooks.cpp,51,sub_140A139F0
OnlineMenu/Hooking/StageResourceHooks.cpp,52,sub_140A0FDB0
OnlineMenu/Hooking/ScenarioHooks.cpp,26,sub_14043FB28
OnlineMenu/Hooking/ScenarioHooks.cpp,38,sub_1404B6284
OnlineMenu/Hooking/ScenarioHooks.cpp,59,sub_14043FB28
OnlineMenu/Hooking/ScenarioHooks.cpp,60,sub_14043F208
OnlineMenu/Hooking/ScenarioHooks.cpp,61,sub_1404B6284
OnlineMenu/Hooking/ScenarioHooks.cpp,62,sub_1404B6B58
OnlineMenu/Hooking/ScenarioHooks.cpp,63,sub_1404B6BC8
OnlineMenu/Hooking/ScenarioHooks.cpp,64,sub_1404B6B90
OnlineMenu/Hooking/SceneHooks.cpp,32,sub_1406E4BC0
OnlineMenu/Hooking/SceneHooks.cpp,33,sub_140AB4550
OnlineMenu/Hooking/UniversalHookAddresses.h,22,0x14060759C
OnlineMenu/Hooking/UniversalHookAddresses.h,23,0x140607BA0
OnlineMenu/Hooking/UniversalHookAddresses.h,24,0x140607B5C
OnlineMenu/Hooking/UniversalHookAddresses.h,25,0x140607B7C
OnlineMenu/Hooking/UniversalHookAddresses.h,26,0x1406078CC
OnlineMenu/Hooking/UniversalHookAddresses.h,27,0x1401FD0AC
OnlineMenu/Hooking/UniversalHookAddresses.h,32,0x140676250
OnlineMenu/Hooking/UniversalHookAddresses.h,33,0x140676054
OnlineMenu/Hooking/UniversalHookAddresses.h,34,0x1406760F4
OnlineMenu/Hooking/UniversalHookAddresses.h,35,0x140676164
OnlineMenu/Hooking/UniversalHookAddresses.h,36,0x1406761E0
OnlineMenu/Hooking/UniversalHookAddresses.h,37,0x140676904
OnlineMenu/Hooking/UniversalHookAddresses.h,38,0x14067699C
OnlineMenu/Hooking/UniversalHookAddresses.h,39,0x140676A34
OnlineMenu/Hooking/UniversalHookAddresses.h,40,0x140676A9C
OnlineMenu/Hooking/UniversalHookAddresses.h,41,0x1405C17B4
OnlineMenu/Hooking/UniversalHookAddresses.h,42,0x1405C3064
OnlineMenu/Hooking/UniversalHookAddresses.h,47,0x1403B0074
OnlineMenu/Hooking/UniversalHookAddresses.h,48,0x140A0FDB0
OnlineMenu/Hooking/UniversalHookAddresses.h,49,0x140941E90
OnlineMenu/Hooking/UniversalHookAddresses.h,50,0x140941AB0
OnlineMenu/Hooking/UniversalHookAddresses.h,55,0x140A03D30
OnlineMenu/Hooking/UniversalHookAddresses.h,56,0x140A139F0
OnlineMenu/Hooking/UniversalHookAddresses.h,57,0x140136C6C
OnlineMenu/Hooking/UniversalHookAddresses.h,62,0x14043FB28
OnlineMenu/Hooking/UniversalHookAddresses.h,63,0x14043F208
OnlineMenu/Hooking/UniversalHookAddresses.h,64,0x1404B6284
OnlineMenu/Hooking/UniversalHookAddresses.h,65,0x1404B6B58
OnlineMenu/Hooking/UniversalHookAddresses.h,66,0x1404B6BC8
OnlineMenu/Hooking/UniversalHookAddresses.h,67,0x1404B6B90
OnlineMenu/Hooking/UniversalHookAddresses.h,68,0x14052990C
OnlineMenu/Hooking/UniversalHookAddresses.h,73,0x1406E4BC0
OnlineMenu/Hooking/UniversalHookAddresses.h,74,0x140AB4550
OnlineMenu/Hooking/UniversalHookAddresses.h,79,0x1406734A8
OnlineMenu/Hooking/UniversalHookAddresses.h,80,0x1406732AC
OnlineMenu/Hooking/UniversalHookAddresses.h,81,0x140673374
OnlineMenu/Hooking/UniversalHookAddresses.h,82,0x140673438
